{
    "volumes_Ang3": [
        15.818376271014317,
        16.154935663170555,
        16.491491923460707,
        16.82805992216143,
        17.164624116073483,
        17.501183060765655,
        17.83774296943072
    ],
    "energies_eV": [
        -2252.436403843,
        -2252.4450448187,
        -2252.4499670864,
        -2252.451538816,
        -2252.4500898097,
        -2252.4459181681,
        -2252.4392917874
    ]
}

