{
    "volumes_Ang3": [
        19.049974180134118,
        19.455287291015523,
        19.860606964155465,
        20.26592530958009,
        20.67123500533444,
        21.076557453113914,
        21.481885520814668
    ],
    "energies_eV": [
        -204.68497361791,
        -204.68694304199,
        -204.68807476354,
        -204.68843926006,
        -204.68810061436,
        -204.68711719486,
        -204.68554206377
    ]
}

