tol,Ecut,c11,c12,c44,stress,dstress
0.01,41.0,1057.0696863905353,125.37631850583212,563.9065483952816,"[-1.1904996004676888e-5, -1.1300987005645607e-5, -1.1300987005645607e-5, -1.0783633585045099e-8, 0.0, 0.0]","[0.0359290684349681, 0.004261454458222115, 0.004261454458222115, 0.019166794043070697, 0.0, 0.0]"
