tol,h,Ecut,c11,c12,c44,stress1,stress2,dstress
0.0001,0.001,41.0,1051.9394889801433,124.08502898161485,563.0460976661897,"[-3.551517314836443e-5, -3.9537837466801525e-6, -3.95378374668018e-6, -1.9120443010457508e-5, 0.0, -3.3881317890172014e-21]","[3.599421998931652e-5, 4.481345091908703e-6, 4.481345091908703e-6, 1.915465282388917e-5, 0.0, 3.3881317890172014e-21]","[0.03575469656884047, 0.004217564419294427, 0.004217564419294441, 0.01913754791717334, 0.0, 3.3881317890172014e-18]"
0.0001,1.0e-5,41.0,898.0137133083402,-33.34196094676056,590.1571186558235,"[-3.21647217396637e-8, 2.9319667686316915e-7, 2.931966768631556e-7, -1.49854929838723e-7, 0.0, 1.6940658945086007e-21]","[5.782925939206953e-7, 2.7053127245255375e-7, 2.7053127245255375e-7, 2.513257260170143e-7, 0.0, -1.6940658945086007e-21]","[0.03052286578301795, -0.00113327022053077, -0.0011332702205300925, 0.020059032792786865, 0.0, -1.6940658945086004e-16]"
0.0001,1.0e-7,41.0,-1102.10282678862,-3330.204417240793,-3778.49305785264,"[3.2219632865661e-7, 3.3779778998162637e-7, 3.377977899816535e-7, 5.601260270343982e-8, 0.0, 0.0]","[3.1470438590281304e-7, 3.1515952044273955e-7, 3.1515952044276665e-7, 3.032692891968067e-8, 0.0, 0.0]","[-0.03745971376898494, -0.11319134769443413, -0.11319134769443413, -0.12842836891879575, 0.0, 0.0]"
