tol,Ecut,c11,c12,c44,stress,dstress
1.0e-6,41.0,1056.8862183861875,125.18133435923144,564.6238970559717,"[1.8555238139559088e-9, 1.8820086153159598e-9, 1.8820086153024072e-9, 4.227177625121897e-10, 0.0, 0.0]","[0.03592283248423684, 0.004254827081770832, 0.0042548270817708315, 0.019191176228515516, 0.0, 0.0]"
