tol,h,Ecut,c11,c12,c44,stress1,stress2,dstress
1.0e-6,0.001,41.0,1051.1833236493544,123.25243378820788,562.5535972746361,"[-3.577387735245261e-5, -4.218357343463894e-6, -4.218357343463867e-6, -1.9150755831075277e-5, 0.0, -3.3881317890172014e-21]","[3.568411271073315e-5, 4.160172824161856e-6, 4.160172824161829e-6, 1.9090860507075082e-5, 0.0, 3.3881317890172014e-21]","[0.03572899503159288, 0.004189265083812875, 0.0041892650838128475, 0.01912080816907518, 0.0, 3.3881317890172014e-18]"
1.0e-6,1.0e-5,41.0,1059.8717962467247,129.16612771191154,565.5527100179523,"[-3.649578351840836e-7, -4.817666373356565e-8, -4.817666373353854e-8, -1.9268050119167418e-7, 0.0, 1.6940658945086007e-21]","[3.555283690825361e-7, 3.962868537047716e-8, 3.962868537047716e-8, 1.917744175980321e-7, 0.0, -1.6940658945086007e-21]","[0.03602431021333098, 0.0043902674552021405, 0.004390267455200785, 0.019222745939485315, 0.0, -1.6940658945086004e-16]"
1.0e-6,1.0e-7,41.0,330.8676994059702,-622.2541000627326,470.9373922526735,"[-2.0753137735552996e-9, 1.1187673037467297e-9, 1.1187673037602822e-9, -1.5510249861512084e-9, 0.0, 0.0]","[1.7387913547030493e-10, -3.111230100006951e-9, -3.111230100006951e-9, 1.650342343302318e-9, 0.0, 0.0]","[0.011245964545128023, -0.021149987018768406, -0.021149987018836167, 0.016006836647267632, 0.0, 0.0]"
