tol,h,Ecut,c11,c12,c44,stress1,stress2,dstress
1.0e-8,0.001,41.0,1051.3043005845946,123.3681763882929,562.587084206026,"[-3.577521788033865e-5, -4.219734100956125e-6, -4.219734100956111e-6, -1.9151023826597854e-5, 0.0, -3.3881317890172014e-21]","[3.569099602776718e-5, 4.166664088717435e-6, 4.166664088717448e-6, 1.9092868906884005e-5, 0.0, 3.3881317890172014e-21]","[0.03573310695405292, 0.00419319909483678, 0.00419319909483678, 0.01912194636674093, 0.0, 3.3881317890172014e-18]"
1.0e-8,1.0e-5,41.0,1056.809927543219,125.10665449582766,564.6030636281217,"[-3.5924864359861226e-7, -4.256863196217908e-8, -4.256863196215198e-8, -1.9191179943078694e-7, 0.0, 1.6940658945086007e-21]","[3.591561446250826e-7, 4.247714333384682e-8, 4.2477143333873924e-8, 1.9189756286309845e-7, 0.0, -1.6940658945086007e-21]","[0.03592023941118474, 0.004252288764801295, 0.004252288764801295, 0.019190468114694267, 0.0, -1.6940658945086004e-16]"
1.0e-8,1.0e-7,41.0,1051.406101983895,120.14070996951703,563.0050315089305,"[-3.621274311553506e-9, -4.5474596341939146e-10, -4.5474596341939146e-10, -1.9187439356967435e-9, 0.0, 0.0]","[3.526039111104993e-9, 3.6195398472871603e-10, 3.6195398472871603e-10, 1.9084864856744345e-9, 0.0, 0.0]","[0.0357365671132925, 0.0040834997407405375, 0.0040834997407405375, 0.019136152106855892, 0.0, 0.0]"
