tol,h,Ecut,c11,c12,c44,stress1,stress2,dstress
1.0e-12,0.001,41.0,1051.3047093639393,123.36856519645993,562.5870035509987,"[-3.5775183744297645e-5, -4.219701035281523e-6, -4.219701035281537e-6, -1.9151012483453192e-5, 0.0, -3.3881317890172014e-21]","[3.56910579520633e-5, 4.166723585034067e-6, 4.166723585034081e-6, 1.9092874767211338e-5, 0.0, 3.3881317890172014e-21]","[0.03573312084818047, 0.004193212310157795, 0.004193212310157809, 0.019121943625332267, 0.0, 3.3881317890172014e-18]"
1.0e-12,1.0e-5,41.0,1056.8864246232395,125.18132036674623,564.6239743232347,"[-3.592385892025414e-7, -4.255882261576939e-8, -4.255882261578294e-8, -1.9191441166115595e-7, 0.0, 1.6940658945086007e-21]","[3.5921820067929416e-7, 4.2537709507749146e-8, 4.2537709507749146e-8, 1.9190916543437233e-7, 0.0, -1.6940658945086007e-21]","[0.03592283949409177, 0.004254826606175926, 0.004254826606176604, 0.019191178854776413, 0.0, -1.6940658945086004e-16]"
1.0e-12,1.0e-7,41.0,1056.8852362513107,125.18019544084913,564.6238817018143,"[-3.5974463842480615e-9, -4.3064537774294056e-10, -4.3064537772938803e-10, -1.9191264537454133e-9, 0.0, 0.0]","[3.5871134361821016e-9, 4.2031229640141204e-10, 4.2031229640141204e-10, 1.9191086875822484e-9, 0.0, 0.0]","[0.03592279910215082, 0.004254788370721763, 0.004254788370654, 0.01919117570663831, 0.0, 0.0]"
