tol,h,Ecut,c11,c12,c44,stress1,stress2,dstress
1.0e-10,0.001,41.0,1051.3047057082986,123.36856143236976,562.5870044099521,"[-3.5775183992255936e-5, -4.219701282589272e-6, -4.219701282589286e-6, -1.9151012566093396e-5, 0.0, -3.3881317890172014e-21]","[3.5691057455599605e-5, 4.16672308184867e-6, 4.16672308184867e-6, 1.9092874742961608e-5, 0.0, 3.3881317890172014e-21]","[0.035733120723927765, 0.004193212182218971, 0.004193212182218978, 0.0191219436545275, 0.0, 3.3881317890172014e-18]"
1.0e-10,1.0e-5,41.0,1056.8866900156106,125.18162075684047,564.6238602910314,"[-3.5923844697032866e-7, -4.255867478443725e-8, -4.255867478443725e-8, -1.919143573332399e-7, 0.0, 1.6940658945086007e-21]","[3.592185233215741e-7, 4.2538061540117245e-8, 4.2538061540117245e-8, 1.9190914224477197e-7, 0.0, -1.6940658945086007e-21]","[0.03592284851459514, 0.004254836816227725, 0.004254836816227725, 0.01919117497890059, 0.0, -1.6940658945086004e-16]"
1.0e-10,1.0e-7,41.0,1056.8242691601433,125.11466077420513,564.6118174069316,"[-3.596859868116233e-9, -4.300267316309546e-10, -4.300267316580597e-10, -1.9190392558831118e-9, 0.0, 0.0]","[3.5872855064511768e-9, 4.204854469035948e-10, 4.204854468900423e-10, 1.9191138740346992e-9, 0.0, 0.0]","[0.03592072687283705, 0.004252560892672747, 0.00425256089274051, 0.019190765649589055, 0.0, 0.0]"
