tol,h,Ecut,c11,c12,c44,stress1,stress2,dstress
0.01,0.001,41.0,1054.3908287993986,126.95106889288228,561.1173899897622,"[-5.004033291219835e-5, -1.767886952792925e-5, -1.7678869527929262e-5, -1.8943731404801095e-5, 0.0, -3.3881317890172014e-21]","[2.1635698919709314e-5, -9.04891125579398e-6, -9.048911255793986e-6, 1.9200253546337807e-5, 0.0, 1.6940658945086007e-21]","[0.035838015915953834, 0.004314979136067635, 0.004314979136067638, 0.01907199247556945, 0.0, 2.541098841762901e-18]"
0.01,1.0e-5,41.0,1522.650649734597,1022.8482123954394,423.07325016628624,"[-1.4711124991089378e-5, -1.3488556656712116e-5, -1.348855665671215e-5, -7.201710673877294e-8, 0.0, 1.6940658945086007e-21]","[-1.367604811581417e-5, -1.279323857324258e-5, -1.2793238573242593e-5, 2.1558224369067444e-7, 0.0, -1.6940658945086007e-21]","[0.05175384376376041, 0.03476590417347681, 0.03476590417347782, 0.014379967521472367, 0.0, -1.6940658945086004e-16]"
0.01,1.0e-7,41.0,-129466.42023820472,-117592.41600072829,-26441.69286285466,"[-1.3741125392271683e-5, -1.3178776350059043e-5, -1.3178776350059043e-5, 3.878726493163382e-7, 0.0, 0.0]","[-1.4621220230418476e-5, -1.39781533478708e-5, -1.3978153347870813e-5, 2.081256743274206e-7, 0.0, 0.0]","[-4.400474190733965, -3.996884989058782, -3.9968849890588496, -0.898734874944588, 0.0, 0.0]"
