tol,h,Ecut,c11,c12,c44,stress1,stress2,dstress
0.0001,0.001,29.0,32.12120298763144,5.2255749892532775,4.911526277185038,"[-1.1461037112248383e-6, -1.438500652503296e-7, -1.4385006525034316e-7, -1.7147416205137604e-7, 0.0, 0.0]","[1.0374512903320493e-6, 2.1137730304556586e-7, 2.113773030455523e-7, 1.6240460867695152e-7, 0.0, 0.0]","[0.0010917775007784438, 0.00017761368414794773, 0.00017761368414794773, 0.0001669393853641638, 0.0, 0.0]"
0.0001,1.0e-5,29.0,35.29541467202533,-8.280657323549171,9.558771916540945,"[-6.002144633986651e-8, 5.143355117273574e-8, 5.143355117272219e-8, -6.1942816906918536e-9, 0.0, 0.0]","[-3.602811107505667e-8, 4.580447472688257e-8, 4.580447472686902e-8, 3.0363939748827746e-10, 0.0, 0.0]","[0.001199666763240492, -0.00028145382229265853, -0.00028145382229265853, 0.0003248960544090065, 0.0, 0.0]"
0.0001,1.0e-7,29.0,667.7868378566372,-1443.414185456091,-126.15322198735481,"[-4.547408167354417e-8, 4.932611510193583e-8, 4.9326115101962936e-8, -1.4583326439535896e-10, 0.0, 0.0]","[-4.093455900891299e-8, 3.951398488631337e-8, 3.9513984886326925e-8, -1.0034054385728772e-9, 0.0, 0.0]","[0.022697613323155924, -0.04906065107811229, -0.049060651078180056, -0.004287860870887591, 0.0, 0.0]"
