tol,h,Ecut,c11,c12,c44,stress1,stress2,dstress
1.0e-6,0.001,29.0,32.44358244799578,5.472851342763164,4.921736957542645,"[-1.002589717601013e-6, -8.572414816880754e-8, -8.572414816880754e-8, -1.690120355041949e-7, 0.0, 0.0]","[1.2028801942831374e-6, 2.863127250102385e-7, 2.863127250102521e-7, 1.6556084316812026e-7, 0.0, 0.0]","[0.0011027349559420752, 0.00018601843658952303, 0.0001860184365895298, 0.00016728643933615757, 0.0, 0.0]"
1.0e-6,1.0e-5,29.0,32.17546544229648,5.0444842440767905,5.081957194012159,"[9.092795942992053e-8, 9.919071553953895e-8, 9.919071553953895e-8, -1.7329624885138632e-9, 0.0, 0.0]","[1.1280039631249941e-7, 1.0261988623581398e-7, 1.0261988623582754e-7, 1.7216818014139312e-9, 0.0, 0.0]","[0.0010936218441289437, 0.00017145853481375183, 0.00017145853481442946, 0.0001727322144963897, 0.0, 0.0]"
1.0e-6,1.0e-7,29.0,-92.86946654175016,-72.33679888431001,14.100553622275795,"[1.0247095644758395e-7, 1.0142523899616058e-7, 1.0142523899616058e-7, -1.2308326012235317e-11, 0.0, 0.0]","[1.018396426445572e-7, 1.009335034311468e-7, 1.009335034311468e-7, 8.354528942831063e-11, 0.0, 0.0]","[-0.0031565690151337572, -0.0024586778250688555, -0.0024586778250688555, 0.00047926807720272976, 0.0, 0.0]"
