tol,h,Ecut,c11,c12,c44,stress1,stress2,dstress
1.0e-8,0.001,29.0,32.431858923514405,5.468940152748813,4.921283798533875,"[-1.0050788526790283e-6, -8.731398379373213e-8, -8.731398379373213e-8, -1.6898880518313544e-7, 0.0, 0.0]","[1.1995941102076945e-6, 2.844570120917031e-7, 2.844570120916895e-7, 1.655532683658323e-7, 0.0, 0.0]","[0.0011023364814433613, 0.0001858854979427176, 0.00018588549794271083, 0.00016727103677448388, 0.0, 0.0]"
1.0e-8,1.0e-5,29.0,32.67036955067514,5.526016041424602,4.975066875292361,"[8.84559865106253e-8, 9.767124589179241e-8, 9.76712458917653e-8, -1.690967431480422e-9, 0.0, 0.0]","[1.1066485236865612e-7, 1.0142775525122784e-7, 1.0142775525120073e-7, 1.6910142965413015e-9, 0.0, 0.0]","[0.001110443292901541, 0.00018782546797177152, 0.00018782546797177152, 0.00016909908640108616, 0.0, 0.0]"
1.0e-8,1.0e-7,29.0,32.2234221481729,5.5106703323185195,5.00945396368263,"[9.943143356864896e-8, 9.952652551077276e-8, 9.952652551075921e-8, -1.72867838818974e-11, 0.0, 0.0]","[9.965048394053576e-8, 9.956398628635673e-8, 9.956398628634317e-8, 1.6766792074395765e-11, 0.0, 0.0]","[0.0010952518594340207, 0.00018730387791980607, 0.00018730387791980607, 0.00017026787978146582, 0.0, 0.0]"
