tol,h,Ecut,c11,c12,c44,stress1,stress2,dstress
0.01,0.001,29.0,31.963253725646275,6.1649746591143675,4.701635171364332,"[1.94303340847186e-5, 2.039181471713603e-5, 2.0391814717136e-5, -1.249643316196774e-7, 0.0, 0.0]","[2.160315191366297e-5, 2.081090117714701e-5, 2.0810901177147038e-5, 1.9464633171324588e-7, 0.0, 0.0]","[0.0010864089144721847, 0.00020954323000549108, 0.00020954323000551818, 0.00015980533166646163, 0.0, 0.0]"
0.01,1.0e-5,29.0,1256.0456032650818,1221.3477071561665,2.7103969091607003,"[1.9922243695055133e-5, 1.9951213954190572e-5, 1.9951213954190545e-5, 4.657796679801701e-8, 0.0, 0.0]","[2.077608614306341e-5, 2.0781469251798134e-5, 2.078146925179812e-5, 4.842045717095885e-8, 0.0, 0.0]","[0.042692122400413944, 0.041512764880378084, 0.041512764880378764, 9.212451864709225e-5, 0.0, 0.0]"
0.01,1.0e-7,29.0,71680.8362718209,78334.68091656968,2052.3229839782925,"[2.021856669827328e-5, 2.02692459759008e-5, 2.02692459759008e-5, 4.2002173411357726e-8, 0.0, 0.0]","[2.0705843120072875e-5, 2.080175431432325e-5, 2.0801754314323236e-5, 5.5953581514602004e-8, 0.0, 0.0]","[2.4363821089979716, 2.6625416921122502, 2.6625416921121823, 0.06975704051622139, 0.0, 0.0]"
