tol,h,Ecut,c11,c12,c44,stress1,stress2,dstress
1.0e-6,0.001,18.0,152.91100207321574,56.4561933073664,99.64931036373765,"[-5.20471335970463e-6, -1.9308893600366553e-6, -1.9308893600366553e-6, -3.3943960020950538e-6, 0.0, 2.117582368135751e-22]","[5.189965304684528e-6, 1.9069246630754491e-6, 1.9069246630754424e-6, 3.3796264443936044e-6, 0.0, -1.0587911840678754e-22]","[0.005197339332194579, 0.0019189070115560522, 0.0019189070115560487, 0.003387011223244329, 0.0, -1.5881867761018131e-19]"
1.0e-6,1.0e-5,18.0,153.55867924442066,56.92808775020909,99.73827366106296,"[-5.2443084232061605e-8, -1.9608291563510158e-8, -1.9608291563496605e-8, -3.375444967168566e-8, 6.776263578034403e-21, 2.8587361969832636e-21]","[5.194398440473147e-8, 1.9090635990325056e-8, 1.909063599031828e-8, 3.4046250813636535e-8, 0.0, 4.235164736271502e-21]","[0.005219353431839653, 0.0019349463776917606, 0.001934946377690744, 0.00339003502426611, -3.388131789017201e-16, 6.88214269644119e-17]"
1.0e-6,1.0e-7,18.0,-19.461565033183962,-117.83170296114334,151.41680201519216,"[4.740818989544588e-10, 8.096579536920161e-10, 8.096579536920161e-10, -6.573882228879553e-10, 0.0, -1.6940658945086007e-21]","[3.417848686013406e-10, 8.654316182416487e-12, 8.65431618919275e-12, 3.719222779900248e-10, 0.0, 1.5881867761018131e-21]","[-0.0006614851517655909, -0.004005018187547998, -0.004005018187514117, 0.0051465525043899, 0.0, 1.641126335305207e-14]"
