tol,h,Ecut,c11,c12,c44,stress1,stress2,dstress
0.01,0.001,18.0,148.17157516833674,55.40782628422386,98.03182423158967,"[-5.582061462045221e-6, -2.3763541114810833e-6, -2.3763541114810833e-6, -3.4986198980138225e-6, 0.0, 2.117582368135751e-22]","[4.490437509178436e-6, 1.3901933697853857e-6, 1.3901933697853993e-6, 3.165448075874273e-6, 0.0, -2.117582368135751e-22]","[0.005036249485611829, 0.0018832737406332344, 0.0018832737406332411, 0.0033320339869440476, 0.0, -2.1175823681357508e-19]"
0.01,1.0e-5,18.0,210.4233299581452,455.6057610563522,581.4433583064923,"[-7.010268224517573e-7, -8.956097018218438e-7, -8.95609701821837e-7, -4.003445932722103e-7, 0.0, 2.752857078576476e-21]","[-5.579839498821071e-7, -5.858951999472401e-7, -5.858951999472673e-7, -5.087431315651349e-9, 0.0, 4.341043854678289e-21]","[0.0071521436284825105, 0.015485725093730179, 0.015485725093728486, 0.01976285809782795, 0.0, 7.940933880509064e-17]"
0.01,1.0e-7,18.0,44306.43882803569,-569.5470659375709,15550.90165061456,"[-6.852066915271406e-7, -6.176207682296778e-7, -6.176207682296846e-7, -3.775655125841618e-7, -6.776263578034403e-21, -1.6940658945086007e-21]","[-3.8401764159839314e-7, -6.214924704972701e-7, -6.214924704972633e-7, -2.7185263162203273e-7, 0.0, 1.5881867761018131e-21]","[1.5059452496437375, -0.019358511337961206, -0.01935851133789344, 0.5285644048106455, 3.3881317890172014e-14, 1.641126335305207e-14]"
