tol,h,Ecut,c11,c12,c44,stress1,stress2,dstress
0.0001,0.001,18.0,152.8661877954259,56.42533294280931,99.68857878944904,"[-5.179670574597312e-6, -1.9063999824242892e-6, -1.9063999824242824e-6, -3.3970998447597194e-6, 0.0, 2.117582368135751e-22]","[5.211961677101547e-6, 1.929316195740836e-6, 1.9293161957408225e-6, 3.3795920150569013e-6, 0.0, -1.0587911840678754e-22]","[0.00519581612584943, 0.0019178580890825627, 0.0019178580890825525, 0.00338834592990831, 0.0, -1.5881867761018131e-19]"
0.0001,1.0e-5,18.0,135.44898294367567,42.296929750015245,78.45533466823306,"[-2.8951297719684845e-7, -2.58042517998545e-7, -2.5804251799855854e-7, -1.893577889879925e-8, 0.0, 2.8587361969832636e-21]","[-1.9743662990800571e-7, -2.2928964951422662e-7, -2.2928964951424694e-7, 3.4397073696916064e-8, 0.0, 4.235164736271502e-21]","[0.004603817364442137, 0.0014376434242159182, 0.0014376434242155795, 0.0026666426297857655, 0.0, 6.88214269644119e-17]"
0.0001,1.0e-7,18.0,505.24450542062823,177.43525002511277,324.5246990455708,"[2.9444875178884723e-8, 2.8400585303027222e-8, 2.8400585303020446e-8, -3.2517234834885077e-10, 0.0, -1.6940658945086007e-21]","[3.287945752390199e-8, 2.9606765618857918e-8, 2.9606765618857918e-8, 1.8809017205537348e-9, 0.0, 1.5881867761018131e-21]","[0.01717291172508634, 0.006030901579153479, 0.0060309015791873595, 0.011030370344512928, 0.0, 1.641126335305207e-14]"
