tol,h,Ecut,c11,c12,c44,stress1,stress2,dstress
1.0e-8,0.001,18.0,152.85391770063526,56.39846388446998,99.67011968803781,"[-5.201678187652765e-6, -1.927777492030613e-6, -1.927777492030613e-6, -3.3960120795195273e-6, 0.0, 2.117582368135751e-22]","[5.189119959954165e-6, 1.9061121646699657e-6, 1.9061121646699657e-6, 3.379424956085614e-6, 0.0, -1.0587911840678754e-22]","[0.005195399073803465, 0.0019169448283502895, 0.0019169448283502895, 0.0033877185178025704, 0.0, -1.5881867761018131e-19]"
1.0e-8,1.0e-5,18.0,153.07818558278765,56.47028685714763,99.73301172558402,"[-5.2041103315981464e-8, -1.9205336773220425e-8, -1.9205336773220425e-8, -3.390301030407436e-8, 6.776263578034403e-21, 2.8587361969832636e-21]","[5.2019332367967614e-8, 1.9182384058330298e-8, 1.918238405830997e-8, 3.3894113190206356e-8, 0.0, 4.235164736271502e-21]","[0.005203021784197453, 0.001919386041577536, 0.0019193860415765195, 0.003389856174714035, -3.388131789017201e-16, 6.88214269644119e-17]"
1.0e-8,1.0e-7,18.0,156.90413822628915,60.31421798910929,100.68961324358342,"[-5.281163624805326e-10, -2.0046546535387386e-10, -2.0046546535387386e-10, -3.468625679636283e-10, -6.776263578034403e-21, -1.6940658945086007e-21]","[5.384962918491058e-10, 2.0954225573248777e-10, 2.0954225571893524e-10, 3.376115119377838e-10, 0.0, 1.5881867761018131e-21]","[0.0053330632716481925, 0.002050038605431808, 0.0020500386053640455, 0.0034223703995070603, 3.3881317890172014e-14, 1.641126335305207e-14]"
