{
    "ensemble": {
        "lattice_constants": [
            10.420921287560422,
            10.51700374135431,
            10.300444974472349,
            10.785483941466694,
            10.014818674509506,
            10.331518371971189,
            10.260672132001165,
            10.361972787559194,
            10.328636514483645,
            10.342517363581237
        ]
    },
    "theta_ens": [
        [
            1.0134253252658092,
            1.092545548461302,
            0.37126988030803787
        ],
        [
            0.9090423178046825,
            0.08293829034804806,
            2.0952068470764047
        ],
        [
            0.991323750371066,
            0.03411171798482046,
            1.8564270041263031
        ],
        [
            0.8308389237776392,
            1.2036098214151152,
            -1.0817650280969013
        ],
        [
            1.0357093564716777,
            -1.4155449747833369,
            4.772406571028286
        ],
        [
            0.9486384071168977,
            -0.41402201846097164,
            2.7553174898636525
        ],
        [
            1.1064454798798014,
            1.6124415077417678,
            -0.6076136528880223
        ],
        [
            0.9841024056340473,
            0.11008538223877978,
            2.1571552855236567
        ],
        [
            0.990249957190541,
            -0.003968405984581536,
            2.314322359080638
        ],
        [
            1.0145755139671095,
            0.6295791011542702,
            0.9426878330954406
        ]
    ],
    "ensemble_nscf": {
        "eos_fits": [
            {
                "volume0": 1.0310363646006826,
                "e0": -4.319055290394715,
                "bulk_modulus0": 0.38095658320798254,
                "bulk_deriv0": 4.369439003067876
            },
            {
                "volume0": 1.0557456865825665,
                "e0": -4.097831381374559,
                "bulk_modulus0": 0.36038258949866236,
                "bulk_deriv0": 4.227219237637605
            },
            {
                "volume0": 0.9921428207653424,
                "e0": -4.197073633056345,
                "bulk_modulus0": 0.4254989157002094,
                "bulk_deriv0": 4.249558991264065
            },
            {
                "volume0": 1.1311053005216276,
                "e0": -4.078336041533114,
                "bulk_modulus0": 0.30785405872253546,
                "bulk_deriv0": 4.256350393067372
            },
            {
                "volume0": 0.9201681046011257,
                "e0": -4.139220175949814,
                "bulk_modulus0": 0.5087017143817679,
                "bulk_deriv0": 4.144064560863375
            },
            {
                "volume0": 1.0030332519096556,
                "e0": -4.10495793517855,
                "bulk_modulus0": 0.412814372840623,
                "bulk_deriv0": 4.192526454735285
            },
            {
                "volume0": 0.9917153756381561,
                "e0": -4.483306692181261,
                "bulk_modulus0": 0.42412917264064426,
                "bulk_deriv0": 4.457556277454885
            },
            {
                "volume0": 1.0098871692913407,
                "e0": -4.198877508311283,
                "bulk_modulus0": 0.40289236132541245,
                "bulk_deriv0": 4.267084733473957
            },
            {
                "volume0": 1.0002873946372048,
                "e0": -4.196847707586836,
                "bulk_modulus0": 0.4133992520324422,
                "bulk_deriv0": 4.257925858192701
            },
            {
                "volume0": 1.0048505348320071,
                "e0": -4.278855220978943,
                "bulk_modulus0": 0.41050820379733166,
                "bulk_deriv0": 4.3191720732195265
            }
        ],
        "volume_scaling_range": [
            0.94,
            0.96,
            0.98,
            1.0,
            1.02,
            1.04,
            1.06
        ],
        "meanparameter_total_energies": [
            -4.225466881201658,
            -4.225942113774153,
            -4.22621250468274,
            -4.226298436728135,
            -4.226218352697957,
            -4.225988962894298,
            -4.225625418906129
        ],
        "lattice_constants": [
            10.433927725860146,
            10.516622097028906,
            10.301043657547375,
            10.761120856763785,
            10.045669554074331,
            10.33859699645125,
            10.299564111353838,
            10.3620920965197,
            10.329154220083725,
            10.344837009073006
        ],
        "total_energies": [
            [
                -4.317248949438615,
                -4.317995947403319,
                -4.318528355984975,
                -4.318867418242856,
                -4.3190323532249035,
                -4.31904057194558,
                -4.318907856953857
            ],
            [
                -4.095032957603542,
                -4.09598516807957,
                -4.096716670487649,
                -4.097248526763308,
                -4.097599817992444,
                -4.097787855002668,
                -4.097828355460045
            ],
            [
                -4.196432926431761,
                -4.196838859925533,
                -4.197041349903038,
                -4.197060654497093,
                -4.196915103376383,
                -4.196621303996086,
                -4.196194314813837
            ],
            [
                -4.071467345766797,
                -4.073028298681398,
                -4.074343044667155,
                -4.075434381963759,
                -4.07632297378963,
                -4.077027573225771,
                -4.0775652123108905
            ],
            [
                -4.139115396642033,
                -4.13881229474223,
                -4.1383320901914065,
                -4.137693147854118,
                -4.136912074769621,
                -4.136003910032544,
                -4.134982285569189
            ],
            [
                -4.104043248760295,
                -4.104546740235016,
                -4.1048443051038355,
                -4.10495610511423,
                -4.104900394398366,
                -4.104693723218461,
                -4.1043511098620975
            ],
            [
                -4.482676323638788,
                -4.48307838985602,
                -4.483276730936733,
                -4.483292331997292,
                -4.483144154383868,
                -4.48284935260985,
                -4.482423453480766
            ],
            [
                -4.1977726601057235,
                -4.198334828443425,
                -4.198689706971011,
                -4.198857748553218,
                -4.198857464615224,
                -4.198705632645779,
                -4.198417470078628
            ],
            [
                -4.196010313602629,
                -4.196487179093075,
                -4.196759573610438,
                -4.196847769582702,
                -4.19677011312695,
                -4.196543230116723,
                -4.196182198998647
            ],
            [
                -4.277888411547861,
                -4.278409599105207,
                -4.278723378061182,
                -4.278850457698965,
                -4.278809571420561,
                -4.278617687949904,
                -4.278290187673845
            ]
        ]
    }
}