{
    "lattice_constant_grad": [
        -2.1456113058632753,
        0.2810675878878842,
        0.08034186335261627
    ],
    "lattice_constant": 10.328164895118894,
    "lattice_constant_uncertainty": 0.22892178423094195
}