{
    "base": {
        "lattice": [
            0,
            5.419985865643672,
            5.419985865643672,
            5.419985865643672,
            0,
            5.419985865643672,
            5.419985865643672,
            5.419985865643672,
            0
        ],
        "atomic_positions": [
            [
                0.009712804634960126,
                0.004856402317480064,
                4.213675410829095e-19
            ],
            [
                0.249999999693616,
                0.249999999693616,
                0.249999999693616
            ]
        ],
        "species": [
            "Al",
            "As"
        ],
        "forces": [
            [
                -0.061232930071926664,
                -0.05124395533581827,
                -0.040337511045313655
            ],
            [
                0.06123617532348397,
                0.051247274902150364,
                0.040340570228290316
            ]
        ],
        "Ecut": 20,
        "kgrid": {
            "fields": {
                "kgrid_size": [
                    13,
                    13,
                    13
                ],
                "kshift": [
                    0,
                    0,
                    0
                ]
            }
        },
        "fft_size": [
            36,
            36,
            36
        ],
        "n_electrons": 18
    },
    "reference": {
        "lattice": [
            0,
            5.419985865643672,
            5.419985865643672,
            5.419985865643672,
            0,
            5.419985865643672,
            5.419985865643672,
            5.419985865643672,
            0
        ],
        "atomic_positions": [
            [
                0.009712804634960126,
                0.004856402317480064,
                4.213675410829095e-19
            ],
            [
                0.249999999693616,
                0.249999999693616,
                0.249999999693616
            ]
        ],
        "species": [
            "Al",
            "As"
        ],
        "forces": [
            [
                -0.06625600678279302,
                -0.054996146153231576,
                -0.04280772615254772
            ],
            [
                0.06625587683388683,
                0.054995930598807294,
                0.042807583475704666
            ]
        ],
        "Ecut": 72,
        "kgrid": {
            "fields": {
                "kgrid_size": [
                    13,
                    13,
                    13
                ],
                "kshift": [
                    0,
                    0,
                    0
                ]
            }
        },
        "fft_size": [
            64,
            64,
            64
        ],
        "n_electrons": 18
    },
    "refinement": {
        "forces_base": [
            [
                -0.06123294396456725,
                -0.05124396734531601,
                -0.04033752012146486
            ],
            [
                0.06123580143446073,
                0.051247002035965876,
                0.040340386789826044
            ]
        ],
        "forces_refined": [
            [
                -0.06522760501913735,
                -0.05402452500144474,
                -0.04193949075166827
            ],
            [
                0.06502854656358427,
                0.0538580976634843,
                0.04180924355616514
            ]
        ],
        "ρ_l1": 14817.944692490648,
        "δρ_l1": 1034.330755521551,
        "ρ_error_l1": 1880.2021747052297,
        "ρ_plus_δρ_error_l1": 862.1845766395933,
        "dvol": 0.0012147433651255243
    }
}