{
    "base": {
        "lattice": [
            0,
            4.17083105585507,
            4.17083105585507,
            4.17083105585507,
            0,
            4.17083105585507,
            4.17083105585507,
            4.17083105585507,
            0
        ],
        "atomic_positions": [
            [
                0.007566475919123664,
                0.0037832379595618315,
                8.51959106780592e-19
            ],
            [
                0.24999999940136614,
                0.24999999940136614,
                0.24999999940136614
            ]
        ],
        "species": [
            "Al",
            "N"
        ],
        "forces": [
            [
                -0.0484791037860566,
                -0.04011068959201245,
                -0.0311228351346022
            ],
            [
                0.04847890959440892,
                0.04011053061854749,
                0.031122745546119705
            ]
        ],
        "Ecut": 20,
        "kgrid": {
            "fields": {
                "kgrid_size": [
                    17,
                    17,
                    17
                ],
                "kshift": [
                    0,
                    0,
                    0
                ]
            }
        },
        "fft_size": [
            25,
            25,
            25
        ],
        "n_electrons": 8
    },
    "reference": {
        "lattice": [
            0,
            4.17083105585507,
            4.17083105585507,
            4.17083105585507,
            0,
            4.17083105585507,
            4.17083105585507,
            4.17083105585507,
            0
        ],
        "atomic_positions": [
            [
                0.007566475919123664,
                0.0037832379595618315,
                8.51959106780592e-19
            ],
            [
                0.24999999940136614,
                0.24999999940136614,
                0.24999999940136614
            ]
        ],
        "species": [
            "Al",
            "N"
        ],
        "forces": [
            [
                -0.047827749894174515,
                -0.039550032609014435,
                -0.03067100785524185
            ],
            [
                0.047827749642888724,
                0.03955003235221022,
                0.030671007702817155
            ]
        ],
        "Ecut": 72,
        "kgrid": {
            "fields": {
                "kgrid_size": [
                    17,
                    17,
                    17
                ],
                "kshift": [
                    0,
                    0,
                    0
                ]
            }
        },
        "fft_size": [
            48,
            48,
            48
        ],
        "n_electrons": 8
    },
    "refinement": {
        "forces_base": [
            [
                -0.04847786074882678,
                -0.04010953869306059,
                -0.03112178662323759
            ],
            [
                0.04847648176408473,
                0.04010845057589063,
                0.031121010757521956
            ]
        ],
        "forces_refined": [
            [
                -0.04792652230951916,
                -0.039641985004659035,
                -0.030750140888021093
            ],
            [
                0.047930427646418965,
                0.039645240924083114,
                0.030752680145782984
            ]
        ],
        "ρ_l1": 6096.995964779384,
        "δρ_l1": 95.15539992491179,
        "ρ_error_l1": 122.14421108885637,
        "ρ_plus_δρ_error_l1": 29.40907354485135,
        "dvol": 0.0013121215835164947
    }
}