{
    "base": {
        "lattice": [
            0,
            5.20825056414835,
            5.20825056414835,
            5.20825056414835,
            0,
            5.20825056414835,
            5.20825056414835,
            5.20825056414835,
            0
        ],
        "atomic_positions": [
            [
                0.009013393143089597,
                0.004506696571544799,
                9.36707260528766e-19
            ],
            [
                0.24999999934508613,
                0.24999999934508613,
                0.24999999934508613
            ]
        ],
        "species": [
            "Al",
            "P"
        ],
        "forces": [
            [
                -0.06307867110929558,
                -0.05228444591308231,
                -0.04063632048941058
            ],
            [
                0.06307820967149384,
                0.0522840727512929,
                0.040636029559302574
            ]
        ],
        "Ecut": 20,
        "kgrid": {
            "fields": {
                "kgrid_size": [
                    14,
                    14,
                    14
                ],
                "kshift": [
                    0,
                    0,
                    0
                ]
            }
        },
        "fft_size": [
            32,
            32,
            32
        ],
        "n_electrons": 8
    },
    "reference": {
        "lattice": [
            0,
            5.20825056414835,
            5.20825056414835,
            5.20825056414835,
            0,
            5.20825056414835,
            5.20825056414835,
            5.20825056414835,
            0
        ],
        "atomic_positions": [
            [
                0.009013393143089597,
                0.004506696571544799,
                9.36707260528766e-19
            ],
            [
                0.24999999934508613,
                0.24999999934508613,
                0.24999999934508613
            ]
        ],
        "species": [
            "Al",
            "P"
        ],
        "forces": [
            [
                -0.06306623333404734,
                -0.052273535732980124,
                -0.04062745933458178
            ],
            [
                0.06306623118386587,
                0.05227353567825948,
                0.04062745855038639
            ]
        ],
        "Ecut": 42,
        "kgrid": {
            "fields": {
                "kgrid_size": [
                    14,
                    14,
                    14
                ],
                "kshift": [
                    0,
                    0,
                    0
                ]
            }
        },
        "fft_size": [
            45,
            45,
            45
        ],
        "n_electrons": 8
    },
    "refinement": {
        "forces_base": [
            [
                -0.06307867359004295,
                -0.05228444870380719,
                -0.040636322984286315
            ],
            [
                0.063078707853929,
                0.05228448743799246,
                0.04063635312367141
            ]
        ],
        "forces_refined": [
            [
                -0.06306701087653135,
                -0.05227419737792788,
                -0.04062798338077507
            ],
            [
                0.06306701495640923,
                0.052274200642260384,
                0.04062798581049669
            ]
        ],
        "ρ_l1": 2580.0131763038985,
        "δρ_l1": 0.947291498297211,
        "ρ_error_l1": 1.0134509345711638,
        "ρ_plus_δρ_error_l1": 0.06802932520885513,
        "dvol": 0.0031007593579272805
    }
}