{
    "base": {
        "lattice": [
            0,
            4.550327608687181,
            4.550327608687181,
            4.550327608687181,
            0,
            4.550327608687181,
            4.550327608687181,
            4.550327608687181,
            0
        ],
        "atomic_positions": [
            [
                0.006372555196628839,
                0.0031862775983144197,
                2.42584013255154e-19
            ],
            [
                0.25000000076206547,
                0.25000000076206547,
                0.25000000076206547
            ]
        ],
        "species": [
            "B",
            "As"
        ],
        "forces": [
            [
                -0.05191820437012186,
                -0.042658371635540746,
                -0.03288216554179046
            ],
            [
                0.05200919236603656,
                0.042733191439146404,
                0.03293991148081112
            ]
        ],
        "Ecut": 20,
        "kgrid": {
            "fields": {
                "kgrid_size": [
                    16,
                    16,
                    16
                ],
                "kshift": [
                    0,
                    0,
                    0
                ]
            }
        },
        "fft_size": [
            27,
            27,
            27
        ],
        "n_electrons": 18
    },
    "reference": {
        "lattice": [
            0,
            4.550327608687181,
            4.550327608687181,
            4.550327608687181,
            0,
            4.550327608687181,
            4.550327608687181,
            4.550327608687181,
            0
        ],
        "atomic_positions": [
            [
                0.006372555196628839,
                0.0031862775983144197,
                2.42584013255154e-19
            ],
            [
                0.25000000076206547,
                0.25000000076206547,
                0.25000000076206547
            ]
        ],
        "species": [
            "B",
            "As"
        ],
        "forces": [
            [
                -0.05488420828628322,
                -0.0448127478715263,
                -0.034305930107613514
            ],
            [
                0.054884229491337436,
                0.044812807040920964,
                0.03430597135871255
            ]
        ],
        "Ecut": 72,
        "kgrid": {
            "fields": {
                "kgrid_size": [
                    16,
                    16,
                    16
                ],
                "kshift": [
                    0,
                    0,
                    0
                ]
            }
        },
        "fft_size": [
            54,
            54,
            54
        ],
        "n_electrons": 18
    },
    "refinement": {
        "forces_base": [
            [
                -0.05191825189132275,
                -0.04265839853353761,
                -0.03288217760210426
            ],
            [
                0.05201315402699421,
                0.04273644847414664,
                0.03294242310576878
            ]
        ],
        "forces_refined": [
            [
                -0.055111155874637066,
                -0.04498214960320817,
                -0.03442164174268997
            ],
            [
                0.055275245869090744,
                0.04511239574580342,
                0.03451844911787707
            ]
        ],
        "ρ_l1": 15041.660848876347,
        "δρ_l1": 1057.5901333551428,
        "ρ_error_l1": 1916.1752464307096,
        "ρ_plus_δρ_error_l1": 878.889019123206,
        "dvol": 0.0011966763631254631
    }
}