{
    "base": {
        "lattice": [
            0,
            3.4260533564385245,
            3.4260533564385245,
            3.4260533564385245,
            0,
            3.4260533564385245,
            3.4260533564385245,
            3.4260533564385245,
            0
        ],
        "atomic_positions": [
            [
                0.005443539061058427,
                0.002721769530529213,
                1.8372268996538103e-19
            ],
            [
                0.2500000000599838,
                0.2500000000599838,
                0.2500000000599838
            ]
        ],
        "species": [
            "B",
            "N"
        ],
        "forces": [
            [
                -0.044395518423572075,
                -0.03611601440201063,
                -0.027540461830582036
            ],
            [
                0.04439564902816062,
                0.036116126554736,
                0.027540551055651123
            ]
        ],
        "Ecut": 20,
        "kgrid": {
            "fields": {
                "kgrid_size": [
                    21,
                    21,
                    21
                ],
                "kshift": [
                    0,
                    0,
                    0
                ]
            }
        },
        "fft_size": [
            24,
            24,
            24
        ],
        "n_electrons": 8
    },
    "reference": {
        "lattice": [
            0,
            3.4260533564385245,
            3.4260533564385245,
            3.4260533564385245,
            0,
            3.4260533564385245,
            3.4260533564385245,
            3.4260533564385245,
            0
        ],
        "atomic_positions": [
            [
                0.005443539061058427,
                0.002721769530529213,
                1.8372268996538103e-19
            ],
            [
                0.2500000000599838,
                0.2500000000599838,
                0.2500000000599838
            ]
        ],
        "species": [
            "B",
            "N"
        ],
        "forces": [
            [
                -0.039635445922673845,
                -0.03232332247524242,
                -0.024712264623278125
            ],
            [
                0.03963544681477453,
                0.032323323399122056,
                0.0247122653810985
            ]
        ],
        "Ecut": 72,
        "kgrid": {
            "fields": {
                "kgrid_size": [
                    21,
                    21,
                    21
                ],
                "kshift": [
                    0,
                    0,
                    0
                ]
            }
        },
        "fft_size": [
            40,
            40,
            40
        ],
        "n_electrons": 8
    },
    "refinement": {
        "forces_base": [
            [
                -0.04439552279347208,
                -0.03611602080202867,
                -0.02754046836826532
            ],
            [
                0.044395695838431795,
                0.03611615975230937,
                0.027540573612477425
            ]
        ],
        "forces_refined": [
            [
                -0.041095039036005365,
                -0.03349484024978862,
                -0.02559263519907509
            ],
            [
                0.041103419188092113,
                0.03350164130579444,
                0.02559780739123867
            ]
        ],
        "ρ_l1": 6365.867552626125,
        "δρ_l1": 96.64119841044254,
        "ρ_error_l1": 124.05339105965906,
        "ρ_plus_δρ_error_l1": 30.001377287896737,
        "dvol": 0.0012567022379690802
    }
}