{
    "base": {
        "lattice": [
            0,
            4.300793752864723,
            4.300793752864723,
            4.300793752864723,
            0,
            4.300793752864723,
            4.300793752864723,
            4.300793752864723,
            0
        ],
        "atomic_positions": [
            [
                0.005657127858789878,
                0.0028285639293949383,
                9.657957974174214e-19
            ],
            [
                0.24999999969132844,
                0.24999999969132844,
                0.24999999969132844
            ]
        ],
        "species": [
            "B",
            "P"
        ],
        "forces": [
            [
                -0.05149299979220531,
                -0.04196155386737253,
                -0.0320591669127455
            ],
            [
                0.051493331989338434,
                0.04196182547436839,
                0.032059374543694494
            ]
        ],
        "Ecut": 20,
        "kgrid": {
            "fields": {
                "kgrid_size": [
                    16,
                    16,
                    16
                ],
                "kshift": [
                    0,
                    0,
                    0
                ]
            }
        },
        "fft_size": [
            27,
            27,
            27
        ],
        "n_electrons": 8
    },
    "reference": {
        "lattice": [
            0,
            4.300793752864723,
            4.300793752864723,
            4.300793752864723,
            0,
            4.300793752864723,
            4.300793752864723,
            4.300793752864723,
            0
        ],
        "atomic_positions": [
            [
                0.005657127858789878,
                0.0028285639293949383,
                9.657957974174214e-19
            ],
            [
                0.24999999969132844,
                0.24999999969132844,
                0.24999999969132844
            ]
        ],
        "species": [
            "B",
            "P"
        ],
        "forces": [
            [
                -0.05141425143568553,
                -0.041894234965544376,
                -0.032005300411701014
            ],
            [
                0.05141425093495972,
                0.0418942412973896,
                0.03200530543836044
            ]
        ],
        "Ecut": 66,
        "kgrid": {
            "fields": {
                "kgrid_size": [
                    16,
                    16,
                    16
                ],
                "kshift": [
                    0,
                    0,
                    0
                ]
            }
        },
        "fft_size": [
            48,
            48,
            48
        ],
        "n_electrons": 8
    },
    "refinement": {
        "forces_base": [
            [
                -0.051493001364755625,
                -0.04196155656645834,
                -0.03205916995544628
            ],
            [
                0.05149319285908042,
                0.04196170574255091,
                0.03205927884798217
            ]
        ],
        "forces_refined": [
            [
                -0.051419327633580834,
                -0.04189916492340128,
                -0.03200971389210524
            ],
            [
                0.051419529059755026,
                0.04189932693890749,
                0.03200983603685681
            ]
        ],
        "ρ_l1": 5560.807418091473,
        "δρ_l1": 20.03323611753504,
        "ρ_error_l1": 24.63082177634411,
        "ρ_plus_δρ_error_l1": 4.694698944243603,
        "dvol": 0.0014386400028839133
    }
}