{
    "base": {
        "lattice": [
            0,
            3.3758402912638967,
            3.3758402912638967,
            3.3758402912638967,
            0,
            3.3758402912638967,
            3.3758402912638967,
            3.3758402912638967,
            0
        ],
        "atomic_positions": [
            [
                0.0036684234296779595,
                0.0018342117148389798,
                -2.3550306965105816e-19
            ],
            [
                0.24999999863063946,
                0.24999999863063946,
                0.24999999863063946
            ]
        ],
        "species": [
            "C",
            "C"
        ],
        "forces": [
            [
                -0.04279700170567285,
                -0.03451941346505475,
                -0.02610215746383334
            ],
            [
                0.04279699710205369,
                0.03451940830044488,
                0.02610215255924482
            ]
        ],
        "Ecut": 20,
        "kgrid": {
            "fields": {
                "kgrid_size": [
                    21,
                    21,
                    21
                ],
                "kshift": [
                    0,
                    0,
                    0
                ]
            }
        },
        "fft_size": [
            24,
            24,
            24
        ],
        "n_electrons": 8
    },
    "reference": {
        "lattice": [
            0,
            3.3758402912638967,
            3.3758402912638967,
            3.3758402912638967,
            0,
            3.3758402912638967,
            3.3758402912638967,
            3.3758402912638967,
            0
        ],
        "atomic_positions": [
            [
                0.0036684234296779595,
                0.0018342117148389798,
                -2.3550306965105816e-19
            ],
            [
                0.24999999863063946,
                0.24999999863063946,
                0.24999999863063946
            ]
        ],
        "species": [
            "C",
            "C"
        ],
        "forces": [
            [
                -0.039912278769993065,
                -0.032263366633606044,
                -0.024450610858147228
            ],
            [
                0.039912278691571886,
                0.032263366712786776,
                0.024450610862230836
            ]
        ],
        "Ecut": 67.5,
        "kgrid": {
            "fields": {
                "kgrid_size": [
                    21,
                    21,
                    21
                ],
                "kshift": [
                    0,
                    0,
                    0
                ]
            }
        },
        "fft_size": [
            40,
            40,
            40
        ],
        "n_electrons": 8
    },
    "refinement": {
        "forces_base": [
            [
                -0.042796997723854126,
                -0.03451940778810021,
                -0.02610215131963663
            ],
            [
                0.04279700107407112,
                0.03451941128649819,
                0.026102154638711156
            ]
        ],
        "forces_refined": [
            [
                -0.041023950532177667,
                -0.033142446608679314,
                -0.025101697659823608
            ],
            [
                0.04102395450889243,
                0.03314244951578012,
                0.025101699597555246
            ]
        ],
        "ρ_l1": 6654.176075882515,
        "δρ_l1": 80.8099188230154,
        "ρ_error_l1": 103.6353439434809,
        "ρ_plus_δρ_error_l1": 24.747358158890787,
        "dvol": 0.0012022525266494391
    }
}