{
    "base": {
        "lattice": [
            0,
            4.585200863212842,
            4.585200863212842,
            4.585200863212842,
            0,
            4.585200863212842,
            4.585200863212842,
            4.585200863212842,
            0
        ],
        "atomic_positions": [
            [
                0.04296575762487466,
                0.02148287881243733,
                4.972613059644e-18
            ],
            [
                -0.4999999991293628,
                0.4999999991293628,
                0.4999999991293628
            ]
        ],
        "species": [
            "Ca",
            "O"
        ],
        "forces": [
            [
                -0.05855694523526162,
                -0.046702113574884616,
                -0.028731762798128366
            ],
            [
                0.05849748926359645,
                0.046651330797640764,
                0.028670572958759265
            ]
        ],
        "Ecut": 20,
        "kgrid": {
            "fields": {
                "kgrid_size": [
                    15,
                    15,
                    15
                ],
                "kshift": [
                    0,
                    0,
                    0
                ]
            }
        },
        "fft_size": [
            30,
            30,
            30
        ],
        "n_electrons": 16
    },
    "reference": {
        "lattice": [
            0,
            4.585200863212842,
            4.585200863212842,
            4.585200863212842,
            0,
            4.585200863212842,
            4.585200863212842,
            4.585200863212842,
            0
        ],
        "atomic_positions": [
            [
                0.04296575762487466,
                0.02148287881243733,
                4.972613059644e-18
            ],
            [
                -0.4999999991293628,
                0.4999999991293628,
                0.4999999991293628
            ]
        ],
        "species": [
            "Ca",
            "O"
        ],
        "forces": [
            [
                -0.06369095527299305,
                -0.050975610893962915,
                -0.034498982911258
            ],
            [
                0.06369103178847518,
                0.05097567180078586,
                0.03449902637622224
            ]
        ],
        "Ecut": 72,
        "kgrid": {
            "fields": {
                "kgrid_size": [
                    15,
                    15,
                    15
                ],
                "kshift": [
                    0,
                    0,
                    0
                ]
            }
        },
        "fft_size": [
            54,
            54,
            54
        ],
        "n_electrons": 16
    },
    "refinement": {
        "forces_base": [
            [
                -0.058548128899288635,
                -0.0467223270038639,
                -0.028739095025126053
            ],
            [
                0.05859059726719357,
                0.046748837635943466,
                0.028773309801375116
            ]
        ],
        "forces_refined": [
            [
                -0.06086356190702948,
                -0.04871236373531963,
                -0.031954539606166454
            ],
            [
                0.0608963658208743,
                0.04873510082837137,
                0.03197657597248421
            ]
        ],
        "ρ_l1": 13067.6101624617,
        "δρ_l1": 188.54905889291712,
        "ρ_error_l1": 247.50453274371202,
        "ρ_plus_δρ_error_l1": 61.410251558971325,
        "dvol": 0.0012244013864112625
    }
}