{
    "base": {
        "lattice": [
            0,
            4.350144854314151,
            4.350144854314151,
            4.350144854314151,
            0,
            4.350144854314151,
            4.350144854314151,
            4.350144854314151,
            0
        ],
        "atomic_positions": [
            [
                0.00956219759427402,
                0.00478109879713701,
                1.5344787936805809e-18
            ],
            [
                0.24999999988814067,
                0.24999999988814067,
                0.24999999988814067
            ]
        ],
        "species": [
            "Ga",
            "N"
        ],
        "forces": [
            [
                -0.06982022339673041,
                -0.05780682041368882,
                -0.04493710555712389
            ],
            [
                0.0714056382385378,
                0.0590535158569436,
                0.045618730702470904
            ]
        ],
        "Ecut": 20,
        "kgrid": {
            "fields": {
                "kgrid_size": [
                    16,
                    16,
                    16
                ],
                "kshift": [
                    0,
                    0,
                    0
                ]
            }
        },
        "fft_size": [
            27,
            27,
            27
        ],
        "n_electrons": 18
    },
    "reference": {
        "lattice": [
            0,
            4.350144854314151,
            4.350144854314151,
            4.350144854314151,
            0,
            4.350144854314151,
            4.350144854314151,
            4.350144854314151,
            0
        ],
        "atomic_positions": [
            [
                0.00956219759427402,
                0.00478109879713701,
                1.5344787936805809e-18
            ],
            [
                0.24999999988814067,
                0.24999999988814067,
                0.24999999988814067
            ]
        ],
        "species": [
            "Ga",
            "N"
        ],
        "forces": [
            [
                -0.050388810724265105,
                -0.04212608589902036,
                -0.03303686879855863
            ],
            [
                0.05038887845455132,
                0.04212611559855754,
                0.033036922168832986
            ]
        ],
        "Ecut": 72,
        "kgrid": {
            "fields": {
                "kgrid_size": [
                    16,
                    16,
                    16
                ],
                "kshift": [
                    0,
                    0,
                    0
                ]
            }
        },
        "fft_size": [
            50,
            50,
            50
        ],
        "n_electrons": 18
    },
    "refinement": {
        "forces_base": [
            [
                -0.0697639375319607,
                -0.05777883933662488,
                -0.04494377460946309
            ],
            [
                0.07140153701411726,
                0.05905015064691239,
                0.04561599175115168
            ]
        ],
        "forces_refined": [
            [
                -0.05413923593379819,
                -0.04484916835680292,
                -0.034939135142477346
            ],
            [
                0.05497945761842588,
                0.0459043800670366,
                0.03592279399227845
            ]
        ],
        "ρ_l1": 13665.998429974032,
        "δρ_l1": 771.652511275891,
        "ρ_error_l1": 1217.1813861382634,
        "ρ_plus_δρ_error_l1": 454.2469584686029,
        "dvol": 0.0013171375726577087
    }
}