{
    "base": {
        "lattice": [
            0,
            5.23872245780281,
            5.23872245780281,
            5.23872245780281,
            0,
            5.23872245780281,
            5.23872245780281,
            5.23872245780281,
            0
        ],
        "atomic_positions": [
            [
                0.009716003379052372,
                0.004858001689526186,
                8.942391873156154e-19
            ],
            [
                0.250000000097846,
                0.250000000097846,
                0.250000000097846
            ]
        ],
        "species": [
            "Ga",
            "P"
        ],
        "forces": [
            [
                -0.06538610868543719,
                -0.054242768027086406,
                -0.042323922616183084
            ],
            [
                0.06594934609584356,
                0.05490610702970748,
                0.04275756112939637
            ]
        ],
        "Ecut": 20,
        "kgrid": {
            "fields": {
                "kgrid_size": [
                    14,
                    14,
                    14
                ],
                "kshift": [
                    0,
                    0,
                    0
                ]
            }
        },
        "fft_size": [
            32,
            32,
            32
        ],
        "n_electrons": 18
    },
    "reference": {
        "lattice": [
            0,
            5.23872245780281,
            5.23872245780281,
            5.23872245780281,
            0,
            5.23872245780281,
            5.23872245780281,
            5.23872245780281,
            0
        ],
        "atomic_positions": [
            [
                0.009716003379052372,
                0.004858001689526186,
                8.942391873156154e-19
            ],
            [
                0.250000000097846,
                0.250000000097846,
                0.250000000097846
            ]
        ],
        "species": [
            "Ga",
            "P"
        ],
        "forces": [
            [
                -0.06375455664460443,
                -0.05294489722772017,
                -0.041230203197706976
            ],
            [
                0.06375458071961167,
                0.05294501476250417,
                0.04123026147513514
            ]
        ],
        "Ecut": 69,
        "kgrid": {
            "fields": {
                "kgrid_size": [
                    14,
                    14,
                    14
                ],
                "kshift": [
                    0,
                    0,
                    0
                ]
            }
        },
        "fft_size": [
            60,
            60,
            60
        ],
        "n_electrons": 18
    },
    "refinement": {
        "forces_base": [
            [
                -0.06533746088787316,
                -0.05419396249304616,
                -0.04231081425333919
            ],
            [
                0.06595003698502157,
                0.05490661252077071,
                0.0427578825901963
            ]
        ],
        "forces_refined": [
            [
                -0.06273080688439131,
                -0.05175229830623803,
                -0.04016697808440058
            ],
            [
                0.0629793364834617,
                0.052282532498758194,
                0.04070733025565445
            ]
        ],
        "ρ_l1": 13521.351065285431,
        "δρ_l1": 702.7892517949251,
        "ρ_error_l1": 1145.925945950769,
        "ρ_plus_δρ_error_l1": 449.31623397751497,
        "dvol": 0.001331227915989327
    }
}