{
    "base": {
        "lattice": [
            0,
            5.849576549626604,
            5.849576549626604,
            5.849576549626604,
            0,
            5.849576549626604,
            5.849576549626604,
            5.849576549626604,
            0
        ],
        "atomic_positions": [
            [
                0.011723987970307543,
                0.00586199398515377,
                9.352617619607019e-20
            ],
            [
                0.24999999971773199,
                0.24999999971773199,
                0.24999999971773199
            ]
        ],
        "species": [
            "In",
            "As"
        ],
        "forces": [
            [
                -0.08244350406921266,
                -0.07199315085182087,
                -0.058444872418917417
            ],
            [
                0.08243181745747075,
                0.0719922938392853,
                0.05843942815778079
            ]
        ],
        "Ecut": 20,
        "kgrid": {
            "fields": {
                "kgrid_size": [
                    12,
                    12,
                    12
                ],
                "kshift": [
                    0,
                    0,
                    0
                ]
            }
        },
        "fft_size": [
            36,
            36,
            36
        ],
        "n_electrons": 28
    },
    "reference": {
        "lattice": [
            0,
            5.849576549626604,
            5.849576549626604,
            5.849576549626604,
            0,
            5.849576549626604,
            5.849576549626604,
            5.849576549626604,
            0
        ],
        "atomic_positions": [
            [
                0.011723987970307543,
                0.00586199398515377,
                9.352617619607019e-20
            ],
            [
                0.24999999971773199,
                0.24999999971773199,
                0.24999999971773199
            ]
        ],
        "species": [
            "In",
            "As"
        ],
        "forces": [
            [
                -0.07216743519858454,
                -0.060625156812408064,
                -0.047763837282845625
            ],
            [
                0.07216747923624536,
                0.06062509319106441,
                0.04776374353124994
            ]
        ],
        "Ecut": 72,
        "kgrid": {
            "fields": {
                "kgrid_size": [
                    12,
                    12,
                    12
                ],
                "kshift": [
                    0,
                    0,
                    0
                ]
            }
        },
        "fft_size": [
            72,
            72,
            72
        ],
        "n_electrons": 28
    },
    "refinement": {
        "forces_base": [
            [
                -0.08244053773281537,
                -0.07199658975265677,
                -0.05844798977041171
            ],
            [
                0.08243153821310444,
                0.07199208211907998,
                0.05843928350933789
            ]
        ],
        "forces_refined": [
            [
                -0.07401862467700271,
                -0.062481004309053,
                -0.04949480695290437
            ],
            [
                0.07359540850476481,
                0.062146442056365214,
                0.049252180290810556
            ]
        ],
        "ρ_l1": 26106.715650473205,
        "δρ_l1": 1476.3163578494273,
        "ρ_error_l1": 2552.403982782781,
        "ρ_plus_δρ_error_l1": 1099.494688081817,
        "dvol": 0.0010725209702696747
    }
}