{
    "base": {
        "lattice": [
            0,
            5.636685667368542,
            5.636685667368542,
            5.636685667368542,
            0,
            5.636685667368542,
            5.636685667368542,
            5.636685667368542,
            0
        ],
        "atomic_positions": [
            [
                0.011124596585027461,
                0.005562298292513731,
                -6.761595787204421e-19
            ],
            [
                0.2499999999836563,
                0.2499999999836563,
                0.2499999999836563
            ]
        ],
        "species": [
            "In",
            "P"
        ],
        "forces": [
            [
                -0.0684715965669965,
                -0.05731553087803492,
                -0.0450199743927148
            ],
            [
                0.06846758437325931,
                0.05730453156491521,
                0.044991122569414434
            ]
        ],
        "Ecut": 20,
        "kgrid": {
            "fields": {
                "kgrid_size": [
                    13,
                    13,
                    13
                ],
                "kshift": [
                    0,
                    0,
                    0
                ]
            }
        },
        "fft_size": [
            36,
            36,
            36
        ],
        "n_electrons": 18
    },
    "reference": {
        "lattice": [
            0,
            5.636685667368542,
            5.636685667368542,
            5.636685667368542,
            0,
            5.636685667368542,
            5.636685667368542,
            5.636685667368542,
            0
        ],
        "atomic_positions": [
            [
                0.011124596585027461,
                0.005562298292513731,
                -6.761595787204421e-19
            ],
            [
                0.2499999999836563,
                0.2499999999836563,
                0.2499999999836563
            ]
        ],
        "species": [
            "In",
            "P"
        ],
        "forces": [
            [
                -0.06908440743678491,
                -0.05787673119645738,
                -0.04548377152255246
            ],
            [
                0.06908458891408112,
                0.05787696859491128,
                0.04548391890923134
            ]
        ],
        "Ecut": 61.5,
        "kgrid": {
            "fields": {
                "kgrid_size": [
                    13,
                    13,
                    13
                ],
                "kshift": [
                    0,
                    0,
                    0
                ]
            }
        },
        "fft_size": [
            60,
            60,
            60
        ],
        "n_electrons": 18
    },
    "refinement": {
        "forces_base": [
            [
                -0.06846951080679028,
                -0.05731131285080127,
                -0.04500690116685247
            ],
            [
                0.06846740238298321,
                0.057304379895281775,
                0.04499100324276838
            ]
        ],
        "forces_refined": [
            [
                -0.06897693866692205,
                -0.057842887430083194,
                -0.04550468735602356
            ],
            [
                0.06888983714641546,
                0.05777010945589993,
                0.045444561608701625
            ]
        ],
        "ρ_l1": 10854.874584734913,
        "δρ_l1": 217.4839809861636,
        "ρ_error_l1": 300.79460364664897,
        "ρ_plus_δρ_error_l1": 85.06226232759232,
        "dvol": 0.001658241176301863
    }
}