{
    "base": {
        "lattice": [
            0,
            4.8729966011096435,
            4.8729966011096435,
            4.8729966011096435,
            0,
            4.8729966011096435,
            4.8729966011096435,
            4.8729966011096435,
            0
        ],
        "atomic_positions": [
            [
                0.10752282348317628,
                0.05376141174158813,
                1.0210242043693717e-17
            ],
            [
                -0.4999999999777017,
                0.4999999999777017,
                0.4999999999777017
            ]
        ],
        "species": [
            "Li",
            "Cl"
        ],
        "forces": [
            [
                -0.06937880675542818,
                -0.05660950251685848,
                -0.01325780913505703
            ],
            [
                0.06941186116740038,
                0.05665012500061537,
                0.013271392422430228
            ]
        ],
        "Ecut": 20,
        "kgrid": {
            "fields": {
                "kgrid_size": [
                    15,
                    15,
                    15
                ],
                "kshift": [
                    0,
                    0,
                    0
                ]
            }
        },
        "fft_size": [
            30,
            30,
            30
        ],
        "n_electrons": 10
    },
    "reference": {
        "lattice": [
            0,
            4.8729966011096435,
            4.8729966011096435,
            4.8729966011096435,
            0,
            4.8729966011096435,
            4.8729966011096435,
            4.8729966011096435,
            0
        ],
        "atomic_positions": [
            [
                0.10752282348317628,
                0.05376141174158813,
                1.0210242043693717e-17
            ],
            [
                -0.4999999999777017,
                0.4999999999777017,
                0.4999999999777017
            ]
        ],
        "species": [
            "Li",
            "Cl"
        ],
        "forces": [
            [
                -0.06899795141675247,
                -0.056870245876888825,
                -0.012994412152687929
            ],
            [
                0.06899808511302256,
                0.05687034158003853,
                0.012994463857770037
            ]
        ],
        "Ecut": 61.5,
        "kgrid": {
            "fields": {
                "kgrid_size": [
                    15,
                    15,
                    15
                ],
                "kshift": [
                    0,
                    0,
                    0
                ]
            }
        },
        "fft_size": [
            54,
            54,
            54
        ],
        "n_electrons": 10
    },
    "refinement": {
        "forces_base": [
            [
                -0.06937880675542862,
                -0.05660950251685737,
                -0.013257809135056364
            ],
            [
                0.0694113761376707,
                0.05664973596886005,
                0.013270932206158574
            ]
        ],
        "forces_refined": [
            [
                -0.0694825697730441,
                -0.057240421358286074,
                -0.013297437969041188
            ],
            [
                0.06922753615235812,
                0.057044551210381676,
                0.013199393271126632
            ]
        ],
        "ρ_l1": 6803.978904306117,
        "δρ_l1": 60.32373742918811,
        "ρ_error_l1": 69.9460393383022,
        "ρ_plus_δρ_error_l1": 9.991470016578432,
        "dvol": 0.0014697282488149966
    }
}