{
    "base": {
        "lattice": [
            0,
            3.8715814407407345,
            3.8715814407407345,
            3.8715814407407345,
            0,
            3.8715814407407345,
            3.8715814407407345,
            3.8715814407407345,
            0
        ],
        "atomic_positions": [
            [
                0.0922348242235424,
                0.0461174121117712,
                1.1716693967205944e-17
            ],
            [
                -0.5000000003428915,
                0.5000000003428915,
                0.5000000003428915
            ]
        ],
        "species": [
            "Li",
            "F"
        ],
        "forces": [
            [
                -0.05223697587856657,
                -0.045076972769975354,
                -0.015272971077732844
            ],
            [
                0.048732311585721444,
                0.042196944170524775,
                0.012517272698341797
            ]
        ],
        "Ecut": 20,
        "kgrid": {
            "fields": {
                "kgrid_size": [
                    18,
                    18,
                    18
                ],
                "kshift": [
                    0,
                    0,
                    0
                ]
            }
        },
        "fft_size": [
            25,
            25,
            25
        ],
        "n_electrons": 10
    },
    "reference": {
        "lattice": [
            0,
            3.8715814407407345,
            3.8715814407407345,
            3.8715814407407345,
            0,
            3.8715814407407345,
            3.8715814407407345,
            3.8715814407407345,
            0
        ],
        "atomic_positions": [
            [
                0.0922348242235424,
                0.0461174121117712,
                1.1716693967205944e-17
            ],
            [
                -0.5000000003428915,
                0.5000000003428915,
                0.5000000003428915
            ]
        ],
        "species": [
            "Li",
            "F"
        ],
        "forces": [
            [
                -0.05688043462490544,
                -0.046229610986162406,
                -0.01770720578893359
            ],
            [
                0.053090370363162886,
                0.043225185631541985,
                0.0146527292975982
            ]
        ],
        "Ecut": 72,
        "kgrid": {
            "fields": {
                "kgrid_size": [
                    18,
                    18,
                    18
                ],
                "kshift": [
                    0,
                    0,
                    0
                ]
            }
        },
        "fft_size": [
            45,
            45,
            45
        ],
        "n_electrons": 10
    },
    "refinement": {
        "forces_base": [
            [
                -0.05223697587856435,
                -0.045076972769976464,
                -0.015272971077731734
            ],
            [
                0.048732311585722776,
                0.04219694417052877,
                0.01251727269834535
            ]
        ],
        "forces_refined": [
            [
                -0.05528356192654,
                -0.04561329889279432,
                -0.017111218344350723
            ],
            [
                0.05173385715101718,
                0.04279989395130603,
                0.014239481556560993
            ]
        ],
        "ρ_l1": 7851.314020998918,
        "δρ_l1": 253.06727051915806,
        "ρ_error_l1": 342.1894849249086,
        "ρ_plus_δρ_error_l1": 92.80232703810492,
        "dvol": 0.0012736721487962743
    }
}