{
    "base": {
        "lattice": [
            0,
            3.804795235303633,
            3.804795235303633,
            3.804795235303633,
            0,
            3.804795235303633,
            3.804795235303633,
            3.804795235303633,
            0
        ],
        "atomic_positions": [
            [
                0.09052477083488322,
                0.045262385417441604,
                -3.4388556845798012e-18
            ],
            [
                -0.49999999983237403,
                0.49999999983237403,
                0.49999999983237403
            ]
        ],
        "species": [
            "Li",
            "H"
        ],
        "forces": [
            [
                -0.04188657839445509,
                -0.033802430768373026,
                -0.017395905530251027
            ],
            [
                0.0418916192821413,
                0.03380583810231402,
                0.0173995651752204
            ]
        ],
        "Ecut": 20,
        "kgrid": {
            "fields": {
                "kgrid_size": [
                    19,
                    19,
                    19
                ],
                "kshift": [
                    0,
                    0,
                    0
                ]
            }
        },
        "fft_size": [
            24,
            24,
            24
        ],
        "n_electrons": 4
    },
    "reference": {
        "lattice": [
            0,
            3.804795235303633,
            3.804795235303633,
            3.804795235303633,
            0,
            3.804795235303633,
            3.804795235303633,
            3.804795235303633,
            0
        ],
        "atomic_positions": [
            [
                0.09052477083488322,
                0.045262385417441604,
                -3.4388556845798012e-18
            ],
            [
                -0.49999999983237403,
                0.49999999983237403,
                0.49999999983237403
            ]
        ],
        "species": [
            "Li",
            "H"
        ],
        "forces": [
            [
                -0.041686227346728055,
                -0.033511671113961417,
                -0.01648837791357452
            ],
            [
                0.041686225199474014,
                0.03351167258352328,
                0.01648837453087912
            ]
        ],
        "Ecut": 63,
        "kgrid": {
            "fields": {
                "kgrid_size": [
                    19,
                    19,
                    19
                ],
                "kshift": [
                    0,
                    0,
                    0
                ]
            }
        },
        "fft_size": [
            45,
            45,
            45
        ],
        "n_electrons": 4
    },
    "refinement": {
        "forces_base": [
            [
                -0.04188657839445453,
                -0.03380243076837319,
                -0.01739590553025039
            ],
            [
                0.041891619282141246,
                0.033805838102314134,
                0.017399565175220677
            ]
        ],
        "forces_refined": [
            [
                -0.041888585854311426,
                -0.033697142074612024,
                -0.016728585175485224
            ],
            [
                0.041718031594433394,
                0.033559923121420435,
                0.016630193092621016
            ]
        ],
        "ρ_l1": 3308.8240197024193,
        "δρ_l1": 64.67171525224775,
        "ρ_error_l1": 74.72617915604796,
        "ρ_plus_δρ_error_l1": 10.410867948331418,
        "dvol": 0.0012088887097597104
    }
}