{
    "base": {
        "lattice": [
            0,
            4.030921379305201,
            4.030921379305201,
            4.030921379305201,
            0,
            4.030921379305201,
            4.030921379305201,
            4.030921379305201,
            0
        ],
        "atomic_positions": [
            [
                0.027111792190998484,
                0.01355589609549924,
                4.716518094103592e-18
            ],
            [
                -0.49999999932726136,
                0.49999999932726136,
                0.49999999932726136
            ]
        ],
        "species": [
            "Mg",
            "O"
        ],
        "forces": [
            [
                -0.01267288171810188,
                -0.010807032091133761,
                -0.005908870279313749
            ],
            [
                0.014396134348609202,
                0.011590647369616125,
                0.0066627770190077484
            ]
        ],
        "Ecut": 20,
        "kgrid": {
            "fields": {
                "kgrid_size": [
                    18,
                    18,
                    18
                ],
                "kshift": [
                    0,
                    0,
                    0
                ]
            }
        },
        "fft_size": [
            25,
            25,
            25
        ],
        "n_electrons": 16
    },
    "reference": {
        "lattice": [
            0,
            4.030921379305201,
            4.030921379305201,
            4.030921379305201,
            0,
            4.030921379305201,
            4.030921379305201,
            4.030921379305201,
            0
        ],
        "atomic_positions": [
            [
                0.027111792190998484,
                0.01355589609549924,
                4.716518094103592e-18
            ],
            [
                -0.49999999932726136,
                0.49999999932726136,
                0.49999999932726136
            ]
        ],
        "species": [
            "Mg",
            "O"
        ],
        "forces": [
            [
                -0.05251332146161003,
                -0.04187482037416079,
                -0.030223610711697768
            ],
            [
                0.0536692288141265,
                0.04294124416949008,
                0.030912206730001168
            ]
        ],
        "Ecut": 72,
        "kgrid": {
            "fields": {
                "kgrid_size": [
                    18,
                    18,
                    18
                ],
                "kshift": [
                    0,
                    0,
                    0
                ]
            }
        },
        "fft_size": [
            45,
            45,
            45
        ],
        "n_electrons": 16
    },
    "refinement": {
        "forces_base": [
            [
                -0.012672881718104101,
                -0.010807032091133761,
                -0.005908870279315304
            ],
            [
                0.014396134348606093,
                0.011590647369618345,
                0.006662777019008859
            ]
        ],
        "forces_refined": [
            [
                -0.03348604584274918,
                -0.027057673152169996,
                -0.01807997612031991
            ],
            [
                0.03414733842528756,
                0.027312255966124126,
                0.018330809560109747
            ]
        ],
        "ρ_l1": 11130.496708919054,
        "δρ_l1": 438.04664126151414,
        "ρ_error_l1": 635.8083981066545,
        "ρ_plus_δρ_error_l1": 203.52808500413983,
        "dvol": 0.001437492002237326
    }
}