{
    "base": {
        "lattice": [
            0,
            4.94767101641103,
            4.94767101641103,
            4.94767101641103,
            0,
            4.94767101641103,
            4.94767101641103,
            4.94767101641103,
            0
        ],
        "atomic_positions": [
            [
                0.040017847753919936,
                0.020008923876959968,
                1.3220693625505818e-18
            ],
            [
                -0.5000000002043393,
                0.5000000002043393,
                0.5000000002043393
            ]
        ],
        "species": [
            "Mg",
            "S"
        ],
        "forces": [
            [
                -0.06853886932458186,
                -0.053845167869718935,
                -0.03567999432775015
            ],
            [
                0.06837392902272711,
                0.054349799964425564,
                0.03577829759936308
            ]
        ],
        "Ecut": 20,
        "kgrid": {
            "fields": {
                "kgrid_size": [
                    14,
                    14,
                    14
                ],
                "kshift": [
                    0,
                    0,
                    0
                ]
            }
        },
        "fft_size": [
            32,
            32,
            32
        ],
        "n_electrons": 16
    },
    "reference": {
        "lattice": [
            0,
            4.94767101641103,
            4.94767101641103,
            4.94767101641103,
            0,
            4.94767101641103,
            4.94767101641103,
            4.94767101641103,
            0
        ],
        "atomic_positions": [
            [
                0.040017847753919936,
                0.020008923876959968,
                1.3220693625505818e-18
            ],
            [
                -0.5000000002043393,
                0.5000000002043393,
                0.5000000002043393
            ]
        ],
        "species": [
            "Mg",
            "S"
        ],
        "forces": [
            [
                -0.0673721960967022,
                -0.05395049158639287,
                -0.036428348059601046
            ],
            [
                0.06736834545018029,
                0.053927454767778216,
                0.03643464201936129
            ]
        ],
        "Ecut": 72,
        "kgrid": {
            "fields": {
                "kgrid_size": [
                    14,
                    14,
                    14
                ],
                "kshift": [
                    0,
                    0,
                    0
                ]
            }
        },
        "fft_size": [
            60,
            60,
            60
        ],
        "n_electrons": 16
    },
    "refinement": {
        "forces_base": [
            [
                -0.0685388693245863,
                -0.053845167869715604,
                -0.035679994327744824
            ],
            [
                0.06837394205355182,
                0.054349811982255546,
                0.035778305391699725
            ]
        ],
        "forces_refined": [
            [
                -0.07029350725727292,
                -0.0561962590367661,
                -0.03860204946681239
            ],
            [
                0.06771244912404815,
                0.054330492598326494,
                0.037184512587277424
            ]
        ],
        "ρ_l1": 14267.2836144715,
        "δρ_l1": 417.22364522614635,
        "ρ_error_l1": 618.0313927666915,
        "ρ_plus_δρ_error_l1": 207.8904780026753,
        "dvol": 0.0011214468312504135
    }
}