{
    "base": {
        "lattice": [
            0,
            5.373065285735041,
            5.373065285735041,
            5.373065285735041,
            0,
            5.373065285735041,
            5.373065285735041,
            5.373065285735041,
            0
        ],
        "atomic_positions": [
            [
                0.07687403347973906,
                0.03843701673986953,
                -2.6565055760768468e-18
            ],
            [
                -0.49999999966500236,
                0.49999999966500236,
                0.49999999966500236
            ]
        ],
        "species": [
            "Na",
            "Cl"
        ],
        "forces": [
            [
                -0.0864435353590629,
                -0.06990450113529612,
                -0.035225686100237574
            ],
            [
                0.08676335268688684,
                0.06921172191916702,
                0.03509139428758944
            ]
        ],
        "Ecut": 20,
        "kgrid": {
            "fields": {
                "kgrid_size": [
                    13,
                    13,
                    13
                ],
                "kshift": [
                    0,
                    0,
                    0
                ]
            }
        },
        "fft_size": [
            36,
            36,
            36
        ],
        "n_electrons": 16
    },
    "reference": {
        "lattice": [
            0,
            5.373065285735041,
            5.373065285735041,
            5.373065285735041,
            0,
            5.373065285735041,
            5.373065285735041,
            5.373065285735041,
            0
        ],
        "atomic_positions": [
            [
                0.07687403347973906,
                0.03843701673986953,
                -2.6565055760768468e-18
            ],
            [
                -0.49999999966500236,
                0.49999999966500236,
                0.49999999966500236
            ]
        ],
        "species": [
            "Na",
            "Cl"
        ],
        "forces": [
            [
                -0.08243881073170023,
                -0.06660732028784766,
                -0.034779682633554465
            ],
            [
                0.0824020132370683,
                0.06644298921185944,
                0.0346990204175602
            ]
        ],
        "Ecut": 72,
        "kgrid": {
            "fields": {
                "kgrid_size": [
                    13,
                    13,
                    13
                ],
                "kshift": [
                    0,
                    0,
                    0
                ]
            }
        },
        "fft_size": [
            64,
            64,
            64
        ],
        "n_electrons": 16
    },
    "refinement": {
        "forces_base": [
            [
                -0.08644353535905669,
                -0.06990450113529567,
                -0.03522568610022869
            ],
            [
                0.08676334654879621,
                0.06921171226874702,
                0.03509141962445281
            ]
        ],
        "forces_refined": [
            [
                -0.0859413780594475,
                -0.06942485576537645,
                -0.036190886127316524
            ],
            [
                0.08436689181506829,
                0.06788559338970841,
                0.03540891338827712
            ]
        ],
        "ρ_l1": 13519.591094188338,
        "δρ_l1": 348.63635101936944,
        "ρ_error_l1": 506.98973422200993,
        "ρ_plus_δρ_error_l1": 163.91322210275035,
        "dvol": 0.0011834677460679888
    }
}