{
    "base": {
        "lattice": [
            0,
            4.434778447224504,
            4.434778447224504,
            4.434778447224504,
            0,
            4.434778447224504,
            4.434778447224504,
            4.434778447224504,
            0
        ],
        "atomic_positions": [
            [
                0.05689863228710472,
                0.028449316143552363,
                -6.101563509623755e-19
            ],
            [
                -0.5000000000692437,
                0.5000000000692437,
                0.5000000000692437
            ]
        ],
        "species": [
            "Na",
            "F"
        ],
        "forces": [
            [
                -0.10059506776013283,
                -0.08186879767633481,
                -0.07338035808803545
            ],
            [
                0.10038670109255687,
                0.08197554581176464,
                0.07329811480613625
            ]
        ],
        "Ecut": 20,
        "kgrid": {
            "fields": {
                "kgrid_size": [
                    16,
                    16,
                    16
                ],
                "kshift": [
                    0,
                    0,
                    0
                ]
            }
        },
        "fft_size": [
            27,
            27,
            27
        ],
        "n_electrons": 16
    },
    "reference": {
        "lattice": [
            0,
            4.434778447224504,
            4.434778447224504,
            4.434778447224504,
            0,
            4.434778447224504,
            4.434778447224504,
            4.434778447224504,
            0
        ],
        "atomic_positions": [
            [
                0.05689863228710472,
                0.028449316143552363,
                -6.101563509623755e-19
            ],
            [
                -0.5000000000692437,
                0.5000000000692437,
                0.5000000000692437
            ]
        ],
        "species": [
            "Na",
            "F"
        ],
        "forces": [
            [
                -0.06201869847551045,
                -0.04998922230930125,
                -0.031304627156528486
            ],
            [
                0.061987823421432206,
                0.04970956673349949,
                0.03118235248170912
            ]
        ],
        "Ecut": 72,
        "kgrid": {
            "fields": {
                "kgrid_size": [
                    16,
                    16,
                    16
                ],
                "kshift": [
                    0,
                    0,
                    0
                ]
            }
        },
        "fft_size": [
            50,
            50,
            50
        ],
        "n_electrons": 16
    },
    "refinement": {
        "forces_base": [
            [
                -0.10059506776013638,
                -0.08186879767633215,
                -0.07338035808802923
            ],
            [
                0.10035401321684322,
                0.08193696816791304,
                0.07325391425144967
            ]
        ],
        "forces_refined": [
            [
                -0.07758285056610373,
                -0.06232498171791116,
                -0.047210281039141475
            ],
            [
                0.07671152452113167,
                0.061582713342355294,
                0.04665866415463828
            ]
        ],
        "ρ_l1": 11465.268120427034,
        "δρ_l1": 464.38470591032905,
        "ρ_error_l1": 665.3922245564875,
        "ρ_plus_δρ_error_l1": 208.6148258490423,
        "dvol": 0.0013955190434224265
    }
}