{
    "base": {
        "lattice": [
            0,
            5.173623156301871,
            5.173623156301871,
            5.173623156301871,
            0,
            5.173623156301871,
            5.173623156301871,
            5.173623156301871,
            0
        ],
        "atomic_positions": [
            [
                0.006871394988489257,
                0.0034356974942446284,
                4.263727336395099e-19
            ],
            [
                0.25000000072002204,
                0.25000000072002204,
                0.25000000072002204
            ]
        ],
        "species": [
            "Si",
            "Si"
        ],
        "forces": [
            [
                -0.06295111085073371,
                -0.0515524931372902,
                -0.03958305338504185
            ],
            [
                0.06295111336979325,
                0.05155249318849656,
                0.03958305363468104
            ]
        ],
        "Ecut": 20,
        "kgrid": {
            "fields": {
                "kgrid_size": [
                    14,
                    14,
                    14
                ],
                "kshift": [
                    0,
                    0,
                    0
                ]
            }
        },
        "fft_size": [
            32,
            32,
            32
        ],
        "n_electrons": 8
    },
    "reference": {
        "lattice": [
            0,
            5.173623156301871,
            5.173623156301871,
            5.173623156301871,
            0,
            5.173623156301871,
            5.173623156301871,
            5.173623156301871,
            0
        ],
        "atomic_positions": [
            [
                0.006871394988489257,
                0.0034356974942446284,
                4.263727336395099e-19
            ],
            [
                0.25000000072002204,
                0.25000000072002204,
                0.25000000072002204
            ]
        ],
        "species": [
            "Si",
            "Si"
        ],
        "forces": [
            [
                -0.06294755456956218,
                -0.05154958543156647,
                -0.03958083722259729
            ],
            [
                0.06294755403663904,
                0.05154958679296449,
                0.03958083909914122
            ]
        ],
        "Ecut": 36,
        "kgrid": {
            "fields": {
                "kgrid_size": [
                    14,
                    14,
                    14
                ],
                "kshift": [
                    0,
                    0,
                    0
                ]
            }
        },
        "fft_size": [
            45,
            45,
            45
        ],
        "n_electrons": 8
    },
    "refinement": {
        "forces_base": [
            [
                -0.06295111055996575,
                -0.05155249282381917,
                -0.03958305310151107
            ],
            [
                0.0629511134672833,
                0.051552493266925695,
                0.03958305369349949
            ]
        ],
        "forces_refined": [
            [
                -0.0629477614755646,
                -0.051549753415068955,
                -0.03958096580742451
            ],
            [
                0.06294776147526762,
                0.05154975341500843,
                0.039580965807531614
            ]
        ],
        "ρ_l1": 2632.165286865432,
        "δρ_l1": 0.45095917982082306,
        "ρ_error_l1": 0.4893122271500051,
        "ρ_plus_δρ_error_l1": 0.03899551082613717,
        "dvol": 0.0030393228114967484
    }
}