{
    "base": {
        "lattice": [
            0,
            4.147121950131127,
            4.147121950131127,
            4.147121950131127,
            0,
            4.147121950131127,
            4.147121950131127,
            4.147121950131127,
            0
        ],
        "atomic_positions": [
            [
                0.005809879185929467,
                0.002904939592964733,
                4.618672224885757e-19
            ],
            [
                0.24999999922023183,
                0.24999999922023183,
                0.24999999922023183
            ]
        ],
        "species": [
            "Si",
            "C"
        ],
        "forces": [
            [
                -0.0489167596671608,
                -0.04000118556550797,
                -0.03067038021389637
            ],
            [
                0.048916761305219866,
                0.04000118706450758,
                0.03067038129357414
            ]
        ],
        "Ecut": 20,
        "kgrid": {
            "fields": {
                "kgrid_size": [
                    17,
                    17,
                    17
                ],
                "kshift": [
                    0,
                    0,
                    0
                ]
            }
        },
        "fft_size": [
            25,
            25,
            25
        ],
        "n_electrons": 8
    },
    "reference": {
        "lattice": [
            0,
            4.147121950131127,
            4.147121950131127,
            4.147121950131127,
            0,
            4.147121950131127,
            4.147121950131127,
            4.147121950131127,
            0
        ],
        "atomic_positions": [
            [
                0.005809879185929467,
                0.002904939592964733,
                4.618672224885757e-19
            ],
            [
                0.24999999922023183,
                0.24999999922023183,
                0.24999999922023183
            ]
        ],
        "species": [
            "Si",
            "C"
        ],
        "forces": [
            [
                -0.04843034216936634,
                -0.0396008967349878,
                -0.030361607360709458
            ],
            [
                0.048430339268207404,
                0.03960089419172728,
                0.030361605161314524
            ]
        ],
        "Ecut": 67.5,
        "kgrid": {
            "fields": {
                "kgrid_size": [
                    17,
                    17,
                    17
                ],
                "kshift": [
                    0,
                    0,
                    0
                ]
            }
        },
        "fft_size": [
            45,
            45,
            45
        ],
        "n_electrons": 8
    },
    "refinement": {
        "forces_base": [
            [
                -0.04891676095840086,
                -0.040001186606894536,
                -0.030670381013870724
            ],
            [
                0.04891675605248403,
                0.04000118309471534,
                0.03067037849840524
            ]
        ],
        "forces_refined": [
            [
                -0.04853046132851917,
                -0.039683767359510354,
                -0.030425872914783495
            ],
            [
                0.04853143487485468,
                0.039684573623240064,
                0.030426498937976828
            ]
        ],
        "ρ_l1": 5110.426111243573,
        "δρ_l1": 44.263300479904196,
        "ρ_error_l1": 56.424697936023215,
        "ρ_plus_δρ_error_l1": 13.057006568155906,
        "dvol": 0.0015654271925386045
    }
}